Year,England and Wales,England,Wales,North East,North West,Yorkshire and The Humber,East Midlands,West Midlands,East of England,London,South East,South West,,,,,,,,,,,,,,,,,,,,,,,,,,,,,,,,,,,,,,,,,,,,,,,,,,,,,,,,,,,,,,,,,,,,,,,,,,,,,,,,,,,,,,,,,,,,,,,,,,,,,,,,,,,,,,,,,,,
12/1/95,"54,950","55,000","44,000","42,300","45,000","45,500","45,950","49,500","57,500","72,950","65,000","55,000",,,,,,,,,,,,,,,,,,,,,,,,,,,,,,,,,,,,,,,,,,,,,,,,,,,,,,,,,,,,,,,,,,,,,,,,,,,,,,,,,,,,,,,,,,,,,,,,,,,,,,,,,,,,,,,,,,,
3/1/96,"54,950","55,000","44,000","42,500","45,000","45,500","45,995","49,500","57,000","73,000","65,250","55,000",,,,,,,,,,,,,,,,,,,,,,,,,,,,,,,,,,,,,,,,,,,,,,,,,,,,,,,,,,,,,,,,,,,,,,,,,,,,,,,,,,,,,,,,,,,,,,,,,,,,,,,,,,,,,,,,,,,
6/1/96,"55,000","55,500","44,500","42,950","45,000","45,650","46,000","49,950","57,000","74,000","66,000","55,500",,,,,,,,,,,,,,,,,,,,,,,,,,,,,,,,,,,,,,,,,,,,,,,,,,,,,,,,,,,,,,,,,,,,,,,,,,,,,,,,,,,,,,,,,,,,,,,,,,,,,,,,,,,,,,,,,,,
9/1/96,"56,000","56,500","45,000","43,500","45,750","46,000","46,500","50,000","58,000","75,000","67,500","56,500",,,,,,,,,,,,,,,,,,,,,,,,,,,,,,,,,,,,,,,,,,,,,,,,,,,,,,,,,,,,,,,,,,,,,,,,,,,,,,,,,,,,,,,,,,,,,,,,,,,,,,,,,,,,,,,,,,,
12/1/96,"57,000","57,500","45,000","44,500","46,350","46,700","47,500","51,000","58,950","77,000","68,500","57,250",,,,,,,,,,,,,,,,,,,,,,,,,,,,,,,,,,,,,,,,,,,,,,,,,,,,,,,,,,,,,,,,,,,,,,,,,,,,,,,,,,,,,,,,,,,,,,,,,,,,,,,,,,,,,,,,,,,
3/1/97,"57,950","58,000","45,500","45,000","47,000","47,000","48,000","52,000","59,500","79,000","69,500","58,000",,,,,,,,,,,,,,,,,,,,,,,,,,,,,,,,,,,,,,,,,,,,,,,,,,,,,,,,,,,,,,,,,,,,,,,,,,,,,,,,,,,,,,,,,,,,,,,,,,,,,,,,,,,,,,,,,,,
6/1/97,"59,000","59,500","46,500","45,950","48,000","47,995","49,000","53,000","60,000","81,000","70,995","59,000",,,,,,,,,,,,,,,,,,,,,,,,,,,,,,,,,,,,,,,,,,,,,,,,,,,,,,,,,,,,,,,,,,,,,,,,,,,,,,,,,,,,,,,,,,,,,,,,,,,,,,,,,,,,,,,,,,,
9/1/97,"59,950","59,995","47,000","46,500","48,500","48,500","49,950","54,000","62,000","83,500","72,500","59,950",,,,,,,,,,,,,,,,,,,,,,,,,,,,,,,,,,,,,,,,,,,,,,,,,,,,,,,,,,,,,,,,,,,,,,,,,,,,,,,,,,,,,,,,,,,,,,,,,,,,,,,,,,,,,,,,,,,
12/1/97,"60,000","60,000","47,950","46,995","49,000","48,950","50,000","54,500","63,500","86,000","74,500","60,000",,,,,,,,,,,,,,,,,,,,,,,,,,,,,,,,,,,,,,,,,,,,,,,,,,,,,,,,,,,,,,,,,,,,,,,,,,,,,,,,,,,,,,,,,,,,,,,,,,,,,,,,,,,,,,,,,,,
3/1/98,"60,000","62,500","48,000","47,000","49,450","49,000","51,000","55,000","64,950","88,000","76,000","62,000",,,,,,,,,,,,,,,,,,,,,,,,,,,,,,,,,,,,,,,,,,,,,,,,,,,,,,,,,,,,,,,,,,,,,,,,,,,,,,,,,,,,,,,,,,,,,,,,,,,,,,,,,,,,,,,,,,,
6/1/98,"63,000","64,000","48,500","47,500","49,950","49,500","52,000","55,375","66,000","91,000","78,500","64,000",,,,,,,,,,,,,,,,,,,,,,,,,,,,,,,,,,,,,,,,,,,,,,,,,,,,,,,,,,,,,,,,,,,,,,,,,,,,,,,,,,,,,,,,,,,,,,,,,,,,,,,,,,,,,,,,,,,
9/1/98,"64,500","65,000","49,000","47,500","50,000","49,950","53,000","56,000","67,750","94,950","81,000","65,000",,,,,,,,,,,,,,,,,,,,,,,,,,,,,,,,,,,,,,,,,,,,,,,,,,,,,,,,,,,,,,,,,,,,,,,,,,,,,,,,,,,,,,,,,,,,,,,,,,,,,,,,,,,,,,,,,,,
12/1/98,"65,000","66,000","49,500","48,000","50,000","50,000","53,500","57,000","69,000","96,500","83,000","66,500",,,,,,,,,,,,,,,,,,,,,,,,,,,,,,,,,,,,,,,,,,,,,,,,,,,,,,,,,,,,,,,,,,,,,,,,,,,,,,,,,,,,,,,,,,,,,,,,,,,,,,,,,,,,,,,,,,,
3/1/99,"66,000","67,000","50,000","48,500","51,000","50,000","54,000","57,950","69,995","99,950","84,500","67,500",,,,,,,,,,,,,,,,,,,,,,,,,,,,,,,,,,,,,,,,,,,,,,,,,,,,,,,,,,,,,,,,,,,,,,,,,,,,,,,,,,,,,,,,,,,,,,,,,,,,,,,,,,,,,,,,,,,
6/1/99,"68,000","68,750","50,000","49,000","51,500","51,000","55,000","58,852","71,000","105,000","86,000","68,995",,,,,,,,,,,,,,,,,,,,,,,,,,,,,,,,,,,,,,,,,,,,,,,,,,,,,,,,,,,,,,,,,,,,,,,,,,,,,,,,,,,,,,,,,,,,,,,,,,,,,,,,,,,,,,,,,,,
9/1/99,"70,000","71,000","52,000","50,000","52,500","52,000","56,000","59,950","73,995","111,000","89,000","71,000",,,,,,,,,,,,,,,,,,,,,,,,,,,,,,,,,,,,,,,,,,,,,,,,,,,,,,,,,,,,,,,,,,,,,,,,,,,,,,,,,,,,,,,,,,,,,,,,,,,,,,,,,,,,,,,,,,,
12/1/99,"72,950","74,000","53,000","50,500","53,700","53,000","57,500","60,000","76,000","118,000","92,500","74,000",,,,,,,,,,,,,,,,,,,,,,,,,,,,,,,,,,,,,,,,,,,,,,,,,,,,,,,,,,,,,,,,,,,,,,,,,,,,,,,,,,,,,,,,,,,,,,,,,,,,,,,,,,,,,,,,,,,
3/1/00,"74,950","75,500","54,000","51,000","54,500","53,950","58,500","63,000","78,000","123,500","95,500","76,000",,,,,,,,,,,,,,,,,,,,,,,,,,,,,,,,,,,,,,,,,,,,,,,,,,,,,,,,,,,,,,,,,,,,,,,,,,,,,,,,,,,,,,,,,,,,,,,,,,,,,,,,,,,,,,,,,,,
6/1/00,"76,950","78,000","55,000","52,000","55,000","54,950","59,934","64,750","80,000","129,000","100,000","79,500",,,,,,,,,,,,,,,,,,,,,,,,,,,,,,,,,,,,,,,,,,,,,,,,,,,,,,,,,,,,,,,,,,,,,,,,,,,,,,,,,,,,,,,,,,,,,,,,,,,,,,,,,,,,,,,,,,,
9/1/00,"78,500","79,995","56,000","52,000","56,000","55,000","60,000","65,500","84,000","134,000","106,950","82,000",,,,,,,,,,,,,,,,,,,,,,,,,,,,,,,,,,,,,,,,,,,,,,,,,,,,,,,,,,,,,,,,,,,,,,,,,,,,,,,,,,,,,,,,,,,,,,,,,,,,,,,,,,,,,,,,,,,
12/1/00,"80,000","82,000","56,500","52,000","56,500","56,000","61,500","67,000","86,500","138,000","112,000","85,000",,,,,,,,,,,,,,,,,,,,,,,,,,,,,,,,,,,,,,,,,,,,,,,,,,,,,,,,,,,,,,,,,,,,,,,,,,,,,,,,,,,,,,,,,,,,,,,,,,,,,,,,,,,,,,,,,,,
3/1/01,"82,000","83,500","57,000","52,000","57,000","56,995","63,500","68,500","88,950","141,000","115,000","86,500",,,,,,,,,,,,,,,,,,,,,,,,,,,,,,,,,,,,,,,,,,,,,,,,,,,,,,,,,,,,,,,,,,,,,,,,,,,,,,,,,,,,,,,,,,,,,,,,,,,,,,,,,,,,,,,,,,,
6/1/01,"84,950","86,000","58,000","52,500","58,000","58,000","65,950","70,500","92,000","145,000","119,000","89,950",,,,,,,,,,,,,,,,,,,,,,,,,,,,,,,,,,,,,,,,,,,,,,,,,,,,,,,,,,,,,,,,,,,,,,,,,,,,,,,,,,,,,,,,,,,,,,,,,,,,,,,,,,,,,,,,,,,
9/1/01,"87,950","89,950","59,950","53,875","59,950","59,000","68,000","73,500","95,500","150,000","123,000","93,000",,,,,,,,,,,,,,,,,,,,,,,,,,,,,,,,,,,,,,,,,,,,,,,,,,,,,,,,,,,,,,,,,,,,,,,,,,,,,,,,,,,,,,,,,,,,,,,,,,,,,,,,,,,,,,,,,,,
12/1/01,"90,000","92,000","60,000","55,000","60,000","59,950","70,000","76,000","99,995","155,000","126,000","96,500",,,,,,,,,,,,,,,,,,,,,,,,,,,,,,,,,,,,,,,,,,,,,,,,,,,,,,,,,,,,,,,,,,,,,,,,,,,,,,,,,,,,,,,,,,,,,,,,,,,,,,,,,,,,,,,,,,,
3/1/02,"92,623","95,000","61,950","56,000","62,000","60,000","72,250","78,000","105,000","159,500","129,095","100,000",,,,,,,,,,,,,,,,,,,,,,,,,,,,,,,,,,,,,,,,,,,,,,,,,,,,,,,,,,,,,,,,,,,,,,,,,,,,,,,,,,,,,,,,,,,,,,,,,,,,,,,,,,,,,,,,,,,
6/1/02,"96,950","99,000","64,950","57,950","64,950","64,000","75,000","81,000","110,000","165,000","134,000","107,950",,,,,,,,,,,,,,,,,,,,,,,,,,,,,,,,,,,,,,,,,,,,,,,,,,,,,,,,,,,,,,,,,,,,,,,,,,,,,,,,,,,,,,,,,,,,,,,,,,,,,,,,,,,,,,,,,,,
9/1/02,"104,000","106,000","67,500","59,500","67,500","66,995","79,995","85,000","118,500","174,000","140,000","115,000",,,,,,,,,,,,,,,,,,,,,,,,,,,,,,,,,,,,,,,,,,,,,,,,,,,,,,,,,,,,,,,,,,,,,,,,,,,,,,,,,,,,,,,,,,,,,,,,,,,,,,,,,,,,,,,,,,,
12/1/02,"110,000","114,000","71,000","60,000","70,000","70,000","85,000","89,950","125,000","180,500","148,000","123,000",,,,,,,,,,,,,,,,,,,,,,,,,,,,,,,,,,,,,,,,,,,,,,,,,,,,,,,,,,,,,,,,,,,,,,,,,,,,,,,,,,,,,,,,,,,,,,,,,,,,,,,,,,,,,,,,,,,
3/1/03,"115,500","118,750","74,950","64,000","73,500","74,000","89,000","93,000","130,000","186,950","153,000","128,000",,,,,,,,,,,,,,,,,,,,,,,,,,,,,,,,,,,,,,,,,,,,,,,,,,,,,,,,,,,,,,,,,,,,,,,,,,,,,,,,,,,,,,,,,,,,,,,,,,,,,,,,,,,,,,,,,,,
6/1/03,"120,000","123,000","78,000","67,500","76,500","77,995","94,000","97,000","136,000","190,000","159,950","134,950",,,,,,,,,,,,,,,,,,,,,,,,,,,,,,,,,,,,,,,,,,,,,,,,,,,,,,,,,,,,,,,,,,,,,,,,,,,,,,,,,,,,,,,,,,,,,,,,,,,,,,,,,,,,,,,,,,,
9/1/03,"125,000","127,500","82,500","72,000","80,000","82,500","99,950","103,000","140,000","195,000","165,000","139,950",,,,,,,,,,,,,,,,,,,,,,,,,,,,,,,,,,,,,,,,,,,,,,,,,,,,,,,,,,,,,,,,,,,,,,,,,,,,,,,,,,,,,,,,,,,,,,,,,,,,,,,,,,,,,,,,,,,
12/1/03,"130,000","132,000","88,000","77,950","85,000","87,950","107,000","110,000","145,500","200,000","169,950","145,000",,,,,,,,,,,,,,,,,,,,,,,,,,,,,,,,,,,,,,,,,,,,,,,,,,,,,,,,,,,,,,,,,,,,,,,,,,,,,,,,,,,,,,,,,,,,,,,,,,,,,,,,,,,,,,,,,,,
3/1/04,"134,750","136,000","92,000","81,000","89,500","91,000","112,000","115,000","149,995","205,000","172,000","148,000",,,,,,,,,,,,,,,,,,,,,,,,,,,,,,,,,,,,,,,,,,,,,,,,,,,,,,,,,,,,,,,,,,,,,,,,,,,,,,,,,,,,,,,,,,,,,,,,,,,,,,,,,,,,,,,,,,,
6/1/04,"139,995","142,000","98,500","87,000","95,000","98,000","117,950","119,995","154,845","210,000","176,000","153,000",,,,,,,,,,,,,,,,,,,,,,,,,,,,,,,,,,,,,,,,,,,,,,,,,,,,,,,,,,,,,,,,,,,,,,,,,,,,,,,,,,,,,,,,,,,,,,,,,,,,,,,,,,,,,,,,,,,
9/1/04,"145,500","148,000","109,000","92,000","100,950","105,000","123,000","125,000","159,995","217,000","181,000","159,950",,,,,,,,,,,,,,,,,,,,,,,,,,,,,,,,,,,,,,,,,,,,,,,,,,,,,,,,,,,,,,,,,,,,,,,,,,,,,,,,,,,,,,,,,,,,,,,,,,,,,,,,,,,,,,,,,,,
12/1/04,"150,000","152,000","115,000","96,000","108,000","110,000","126,500","128,500","164,000","220,000","185,000","164,995",,,,,,,,,,,,,,,,,,,,,,,,,,,,,,,,,,,,,,,,,,,,,,,,,,,,,,,,,,,,,,,,,,,,,,,,,,,,,,,,,,,,,,,,,,,,,,,,,,,,,,,,,,,,,,,,,,,
3/1/05,"153,000","155,000","119,995","99,950","112,000","115,000","129,950","130,000","165,000","225,000","188,450","167,500",,,,,,,,,,,,,,,,,,,,,,,,,,,,,,,,,,,,,,,,,,,,,,,,,,,,,,,,,,,,,,,,,,,,,,,,,,,,,,,,,,,,,,,,,,,,,,,,,,,,,,,,,,,,,,,,,,,
6/1/05,"155,000","157,000","122,000","102,000","115,000","116,250","130,000","133,000","168,000","227,000","190,000","169,950",,,,,,,,,,,,,,,,,,,,,,,,,,,,,,,,,,,,,,,,,,,,,,,,,,,,,,,,,,,,,,,,,,,,,,,,,,,,,,,,,,,,,,,,,,,,,,,,,,,,,,,,,,,,,,,,,,,
9/1/05,"156,000","158,000","124,000","105,000","116,500","118,316","130,500","133,000","169,000","229,000","190,000","169,950",,,,,,,,,,,,,,,,,,,,,,,,,,,,,,,,,,,,,,,,,,,,,,,,,,,,,,,,,,,,,,,,,,,,,,,,,,,,,,,,,,,,,,,,,,,,,,,,,,,,,,,,,,,,,,,,,,,
12/1/05,"157,500","159,950","125,000","108,944","119,000","119,995","132,000","134,000","169,995","230,000","192,000","169,950",,,,,,,,,,,,,,,,,,,,,,,,,,,,,,,,,,,,,,,,,,,,,,,,,,,,,,,,,,,,,,,,,,,,,,,,,,,,,,,,,,,,,,,,,,,,,,,,,,,,,,,,,,,,,,,,,,,
3/1/06,"158,500","160,000","125,000","110,000","119,995","120,000","132,000","135,000","170,000","232,000","192,500","169,950",,,,,,,,,,,,,,,,,,,,,,,,,,,,,,,,,,,,,,,,,,,,,,,,,,,,,,,,,,,,,,,,,,,,,,,,,,,,,,,,,,,,,,,,,,,,,,,,,,,,,,,,,,,,,,,,,,,
6/1/06,"160,000","162,500","128,000","115,000","121,215","123,575","134,000","137,000","172,000","235,000","195,000","171,000",,,,,,,,,,,,,,,,,,,,,,,,,,,,,,,,,,,,,,,,,,,,,,,,,,,,,,,,,,,,,,,,,,,,,,,,,,,,,,,,,,,,,,,,,,,,,,,,,,,,,,,,,,,,,,,,,,,
9/1/06,"164,000","165,000","130,000","117,000","125,000","125,000","135,000","140,000","175,000","240,000","199,000","175,000",,,,,,,,,,,,,,,,,,,,,,,,,,,,,,,,,,,,,,,,,,,,,,,,,,,,,,,,,,,,,,,,,,,,,,,,,,,,,,,,,,,,,,,,,,,,,,,,,,,,,,,,,,,,,,,,,,,
12/1/06,"166,000","168,000","133,000","119,000","127,950","128,600","137,000","142,500","178,000","245,000","202,500","178,000",,,,,,,,,,,,,,,,,,,,,,,,,,,,,,,,,,,,,,,,,,,,,,,,,,,,,,,,,,,,,,,,,,,,,,,,,,,,,,,,,,,,,,,,,,,,,,,,,,,,,,,,,,,,,,,,,,,
3/1/07,"169,000","170,000","135,000","120,000","130,000","130,000","139,100","143,582","180,000","248,000","205,000","180,000",,,,,,,,,,,,,,,,,,,,,,,,,,,,,,,,,,,,,,,,,,,,,,,,,,,,,,,,,,,,,,,,,,,,,,,,,,,,,,,,,,,,,,,,,,,,,,,,,,,,,,,,,,,,,,,,,,,
6/1/07,"170,500","173,000","137,000","120,500","131,500","132,000","140,000","145,000","184,000","249,999","210,000","185,000",,,,,,,,,,,,,,,,,,,,,,,,,,,,,,,,,,,,,,,,,,,,,,,,,,,,,,,,,,,,,,,,,,,,,,,,,,,,,,,,,,,,,,,,,,,,,,,,,,,,,,,,,,,,,,,,,,,
9/1/07,"174,000","175,000","139,000","122,000","133,500","134,750","142,995","146,000","186,950","250,000","215,000","188,000",,,,,,,,,,,,,,,,,,,,,,,,,,,,,,,,,,,,,,,,,,,,,,,,,,,,,,,,,,,,,,,,,,,,,,,,,,,,,,,,,,,,,,,,,,,,,,,,,,,,,,,,,,,,,,,,,,,
12/1/07,"175,000","178,000","140,000","122,500","134,950","135,000","144,500","147,000","190,000","263,000","219,950","190,000",,,,,,,,,,,,,,,,,,,,,,,,,,,,,,,,,,,,,,,,,,,,,,,,,,,,,,,,,,,,,,,,,,,,,,,,,,,,,,,,,,,,,,,,,,,,,,,,,,,,,,,,,,,,,,,,,,,
3/1/08,"177,500","179,995","140,000","123,000","135,000","136,000","145,000","148,000","192,000","267,000","220,500","192,500",,,,,,,,,,,,,,,,,,,,,,,,,,,,,,,,,,,,,,,,,,,,,,,,,,,,,,,,,,,,,,,,,,,,,,,,,,,,,,,,,,,,,,,,,,,,,,,,,,,,,,,,,,,,,,,,,,,
6/1/08,"178,000","180,000","140,000","123,000","134,950","135,000","144,000","147,000","193,000","270,000","223,000","192,500",,,,,,,,,,,,,,,,,,,,,,,,,,,,,,,,,,,,,,,,,,,,,,,,,,,,,,,,,,,,,,,,,,,,,,,,,,,,,,,,,,,,,,,,,,,,,,,,,,,,,,,,,,,,,,,,,,,
9/1/08,"175,000","177,950","138,000","122,000","132,500","134,000","142,000","145,000","190,000","265,000","220,000","190,000",,,,,,,,,,,,,,,,,,,,,,,,,,,,,,,,,,,,,,,,,,,,,,,,,,,,,,,,,,,,,,,,,,,,,,,,,,,,,,,,,,,,,,,,,,,,,,,,,,,,,,,,,,,,,,,,,,,
12/1/08,"170,000","174,000","135,000","120,000","129,950","130,000","138,000","142,000","186,000","259,000","215,000","185,000",,,,,,,,,,,,,,,,,,,,,,,,,,,,,,,,,,,,,,,,,,,,,,,,,,,,,,,,,,,,,,,,,,,,,,,,,,,,,,,,,,,,,,,,,,,,,,,,,,,,,,,,,,,,,,,,,,,
3/1/09,"168,000","170,000","133,100","119,995","127,000","127,498","135,000","140,000","180,000","250,000","210,000","180,000",,,,,,,,,,,,,,,,,,,,,,,,,,,,,,,,,,,,,,,,,,,,,,,,,,,,,,,,,,,,,,,,,,,,,,,,,,,,,,,,,,,,,,,,,,,,,,,,,,,,,,,,,,,,,,,,,,,
6/1/09,"165,000","165,000","130,000","118,000","125,000","125,000","132,500","138,000","175,000","250,000","200,000","175,000",,,,,,,,,,,,,,,,,,,,,,,,,,,,,,,,,,,,,,,,,,,,,,,,,,,,,,,,,,,,,,,,,,,,,,,,,,,,,,,,,,,,,,,,,,,,,,,,,,,,,,,,,,,,,,,,,,,
9/1/09,"165,000","167,442","130,000","118,000","125,000","126,500","132,000","139,950","175,000","250,000","200,000","175,000",,,,,,,,,,,,,,,,,,,,,,,,,,,,,,,,,,,,,,,,,,,,,,,,,,,,,,,,,,,,,,,,,,,,,,,,,,,,,,,,,,,,,,,,,,,,,,,,,,,,,,,,,,,,,,,,,,,
12/1/09,"168,750","170,000","132,500","120,000","130,000","130,000","135,000","142,000","175,000","250,000","203,000","175,000",,,,,,,,,,,,,,,,,,,,,,,,,,,,,,,,,,,,,,,,,,,,,,,,,,,,,,,,,,,,,,,,,,,,,,,,,,,,,,,,,,,,,,,,,,,,,,,,,,,,,,,,,,,,,,,,,,,
3/1/10,"172,000","174,950","132,000","122,000","130,000","131,000","136,000","143,000","179,000","265,000","210,000","178,000",,,,,,,,,,,,,,,,,,,,,,,,,,,,,,,,,,,,,,,,,,,,,,,,,,,,,,,,,,,,,,,,,,,,,,,,,,,,,,,,,,,,,,,,,,,,,,,,,,,,,,,,,,,,,,,,,,,
6/1/10,"175,000","175,000","135,000","123,000","130,000","135,000","138,000","145,000","185,000","275,000","216,000","183,000",,,,,,,,,,,,,,,,,,,,,,,,,,,,,,,,,,,,,,,,,,,,,,,,,,,,,,,,,,,,,,,,,,,,,,,,,,,,,,,,,,,,,,,,,,,,,,,,,,,,,,,,,,,,,,,,,,,
9/1/10,"178,500","180,000","135,000","124,950","132,000","135,000","140,000","147,450","189,000","280,000","223,000","187,000",,,,,,,,,,,,,,,,,,,,,,,,,,,,,,,,,,,,,,,,,,,,,,,,,,,,,,,,,,,,,,,,,,,,,,,,,,,,,,,,,,,,,,,,,,,,,,,,,,,,,,,,,,,,,,,,,,,
12/1/10,"182,000","185,000","135,000","122,000","130,000","135,000","139,000","147,000","195,000","287,500","229,000","190,000",,,,,,,,,,,,,,,,,,,,,,,,,,,,,,,,,,,,,,,,,,,,,,,,,,,,,,,,,,,,,,,,,,,,,,,,,,,,,,,,,,,,,,,,,,,,,,,,,,,,,,,,,,,,,,,,,,,
3/1/11,"180,000","183,000","134,950","122,000","130,000","134,500","139,000","146,000","192,000","290,000","225,995","190,000",,,,,,,,,,,,,,,,,,,,,,,,,,,,,,,,,,,,,,,,,,,,,,,,,,,,,,,,,,,,,,,,,,,,,,,,,,,,,,,,,,,,,,,,,,,,,,,,,,,,,,,,,,,,,,,,,,,
6/1/11,"179,950","181,000","132,995","120,000","129,000","132,000","138,000","145,000","190,000","290,000","225,000","188,000",,,,,,,,,,,,,,,,,,,,,,,,,,,,,,,,,,,,,,,,,,,,,,,,,,,,,,,,,,,,,,,,,,,,,,,,,,,,,,,,,,,,,,,,,,,,,,,,,,,,,,,,,,,,,,,,,,,
9/1/11,"177,250","180,000","131,000","118,950","127,500","130,000","136,995","144,000","190,000","293,000","224,950","185,000",,,,,,,,,,,,,,,,,,,,,,,,,,,,,,,,,,,,,,,,,,,,,,,,,,,,,,,,,,,,,,,,,,,,,,,,,,,,,,,,,,,,,,,,,,,,,,,,,,,,,,,,,,,,,,,,,,,
12/1/11,"176,000","180,000","130,500","117,500","127,000","130,000","136,000","142,500","189,995","293,000","223,000","185,000",,,,,,,,,,,,,,,,,,,,,,,,,,,,,,,,,,,,,,,,,,,,,,,,,,,,,,,,,,,,,,,,,,,,,,,,,,,,,,,,,,,,,,,,,,,,,,,,,,,,,,,,,,,,,,,,,,,
3/1/12,"177,000","180,000","132,500","117,500","128,000","130,000","136,500","143,500","189,950","289,950","221,000","185,000",,,,,,,,,,,,,,,,,,,,,,,,,,,,,,,,,,,,,,,,,,,,,,,,,,,,,,,,,,,,,,,,,,,,,,,,,,,,,,,,,,,,,,,,,,,,,,,,,,,,,,,,,,,,,,,,,,,
6/1/12,"178,000","180,000","132,500","117,500","129,000","130,000","136,900","143,900","190,000","295,000","224,995","185,000",,,,,,,,,,,,,,,,,,,,,,,,,,,,,,,,,,,,,,,,,,,,,,,,,,,,,,,,,,,,,,,,,,,,,,,,,,,,,,,,,,,,,,,,,,,,,,,,,,,,,,,,,,,,,,,,,,,
9/1/12,"180,000","181,500","133,000","119,000","129,000","130,000","137,450","145,000","190,000","297,525","225,000","186,924",,,,,,,,,,,,,,,,,,,,,,,,,,,,,,,,,,,,,,,,,,,,,,,,,,,,,,,,,,,,,,,,,,,,,,,,,,,,,,,,,,,,,,,,,,,,,,,,,,,,,,,,,,,,,,,,,,,
12/1/12,"180,000","183,235","133,000","120,000","130,000","130,000","138,000","145,000","193,000","300,000","229,124","187,500",,,,,,,,,,,,,,,,,,,,,,,,,,,,,,,,,,,,,,,,,,,,,,,,,,,,,,,,,,,,,,,,,,,,,,,,,,,,,,,,,,,,,,,,,,,,,,,,,,,,,,,,,,,,,,,,,,,
3/1/13,"180,000","185,000","133,000","120,000","129,950","130,000","138,000","145,950","195,000","310,000","230,000","188,244",,,,,,,,,,,,,,,,,,,,,,,,,,,,,,,,,,,,,,,,,,,,,,,,,,,,,,,,,,,,,,,,,,,,,,,,,,,,,,,,,,,,,,,,,,,,,,,,,,,,,,,,,,,,,,,,,,,
6/1/13,"181,000","185,000","133,000","120,000","130,000","130,000","139,000","147,000","195,000","310,000","232,000","188,000",,,,,,,,,,,,,,,,,,,,,,,,,,,,,,,,,,,,,,,,,,,,,,,,,,,,,,,,,,,,,,,,,,,,,,,,,,,,,,,,,,,,,,,,,,,,,,,,,,,,,,,,,,,,,,,,,,,
9/1/13,"183,000","185,000","133,500","121,000","130,000","132,000","140,000","148,000","197,000","315,000","234,000","189,950",,,,,,,,,,,,,,,,,,,,,,,,,,,,,,,,,,,,,,,,,,,,,,,,,,,,,,,,,,,,,,,,,,,,,,,,,,,,,,,,,,,,,,,,,,,,,,,,,,,,,,,,,,,,,,,,,,,
12/1/13,"185,000","188,000","135,000","122,500","132,000","134,950","141,500","149,995","200,000","323,500","235,000","190,000",,,,,,,,,,,,,,,,,,,,,,,,,,,,,,,,,,,,,,,,,,,,,,,,,,,,,,,,,,,,,,,,,,,,,,,,,,,,,,,,,,,,,,,,,,,,,,,,,,,,,,,,,,,,,,,,,,,
3/1/14,"185,000","190,000","135,000","124,000","133,000","135,000","143,000","150,000","200,000","330,000","238,000","192,000",,,,,,,,,,,,,,,,,,,,,,,,,,,,,,,,,,,,,,,,,,,,,,,,,,,,,,,,,,,,,,,,,,,,,,,,,,,,,,,,,,,,,,,,,,,,,,,,,,,,,,,,,,,,,,,,,,,
6/1/14,"189,000","191,995","136,000","124,995","135,000","137,000","145,000","152,495","205,000","341,000","240,000","195,000",,,,,,,,,,,,,,,,,,,,,,,,,,,,,,,,,,,,,,,,,,,,,,,,,,,,,,,,,,,,,,,,,,,,,,,,,,,,,,,,,,,,,,,,,,,,,,,,,,,,,,,,,,,,,,,,,,,
9/1/14,"190,000","195,000","138,000","125,000","137,000","138,500","148,500","155,000","210,000","353,000","245,000","199,000",,,,,,,,,,,,,,,,,,,,,,,,,,,,,,,,,,,,,,,,,,,,,,,,,,,,,,,,,,,,,,,,,,,,,,,,,,,,,,,,,,,,,,,,,,,,,,,,,,,,,,,,,,,,,,,,,,,
12/1/14,"195,000","198,000","140,000","125,995","138,500","139,999","150,000","156,000","215,000","365,000","249,950","200,448",,,,,,,,,,,,,,,,,,,,,,,,,,,,,,,,,,,,,,,,,,,,,,,,,,,,,,,,,,,,,,,,,,,,,,,,,,,,,,,,,,,,,,,,,,,,,,,,,,,,,,,,,,,,,,,,,,,
3/1/15,"197,000","200,000","140,000","128,700","140,000","140,000","152,000","158,000","220,000","375,000","250,000","205,000",,,,,,,,,,,,,,,,,,,,,,,,,,,,,,,,,,,,,,,,,,,,,,,,,,,,,,,,,,,,,,,,,,,,,,,,,,,,,,,,,,,,,,,,,,,,,,,,,,,,,,,,,,,,,,,,,,,
6/1/15,"200,000","205,000","142,000","130,000","140,000","140,725","155,000","159,995","225,000","380,000","254,000","209,950",,,,,,,,,,,,,,,,,,,,,,,,,,,,,,,,,,,,,,,,,,,,,,,,,,,,,,,,,,,,,,,,,,,,,,,,,,,,,,,,,,,,,,,,,,,,,,,,,,,,,,,,,,,,,,,,,,,
9/1/15,"204,000","209,950","142,850","130,500","142,500","143,000","157,000","161,000","230,000","390,000","265,000","212,000",,,,,,,,,,,,,,,,,,,,,,,,,,,,,,,,,,,,,,,,,,,,,,,,,,,,,,,,,,,,,,,,,,,,,,,,,,,,,,,,,,,,,,,,,,,,,,,,,,,,,,,,,,,,,,,,,,,
12/1/15,"208,000","212,995","144,972","132,500","145,000","145,000","160,000","164,145","238,000","400,000","273,950","216,000",,,,,,,,,,,,,,,,,,,,,,,,,,,,,,,,,,,,,,,,,,,,,,,,,,,,,,,,,,,,,,,,,,,,,,,,,,,,,,,,,,,,,,,,,,,,,,,,,,,,,,,,,,,,,,,,,,,
3/1/16,"210,000","215,000","145,000","132,000","145,000","145,000","160,000","165,000","240,000","418,500","279,525","219,000",,,,,,,,,,,,,,,,,,,,,,,,,,,,,,,,,,,,,,,,,,,,,,,,,,,,,,,,,,,,,,,,,,,,,,,,,,,,,,,,,,,,,,,,,,,,,,,,,,,,,,,,,,,,,,,,,,,
6/1/16,"215,000","219,999","146,500","133,000","146,000","147,500","164,000","165,995","247,000","426,000","285,000","222,000",,,,,,,,,,,,,,,,,,,,,,,,,,,,,,,,,,,,,,,,,,,,,,,,,,,,,,,,,,,,,,,,,,,,,,,,,,,,,,,,,,,,,,,,,,,,,,,,,,,,,,,,,,,,,,,,,,,
9/1/16,"215,000","220,000","148,000","133,500","148,000","149,950","165,450","168,000","250,000","435,000","290,000","225,000",,,,,,,,,,,,,,,,,,,,,,,,,,,,,,,,,,,,,,,,,,,,,,,,,,,,,,,,,,,,,,,,,,,,,,,,,,,,,,,,,,,,,,,,,,,,,,,,,,,,,,,,,,,,,,,,,,,
12/1/16,"219,950","224,950","149,000","134,950","150,000","150,000","168,475","170,000","258,000","442,000","295,500","229,950",,,,,,,,,,,,,,,,,,,,,,,,,,,,,,,,,,,,,,,,,,,,,,,,,,,,,,,,,,,,,,,,,,,,,,,,,,,,,,,,,,,,,,,,,,,,,,,,,,,,,,,,,,,,,,,,,,,
3/1/17,"220,000","225,000","150,000","135,000","151,995","152,000","172,000","174,995","265,000","445,000","301,950","234,000",,,,,,,,,,,,,,,,,,,,,,,,,,,,,,,,,,,,,,,,,,,,,,,,,,,,,,,,,,,,,,,,,,,,,,,,,,,,,,,,,,,,,,,,,,,,,,,,,,,,,,,,,,,,,,,,,,,
6/1/17,"224,000","229,713","150,000","135,000","152,500","154,000","175,000","175,000","270,000","450,000","306,000","235,000",,,,,,,,,,,,,,,,,,,,,,,,,,,,,,,,,,,,,,,,,,,,,,,,,,,,,,,,,,,,,,,,,,,,,,,,,,,,,,,,,,,,,,,,,,,,,,,,,,,,,,,,,,,,,,,,,,,
9/1/17,"225,000","230,000","150,000","135,000","155,000","155,000","176,995","178,000","275,000","460,000","310,000","240,000",,,,,,,,,,,,,,,,,,,,,,,,,,,,,,,,,,,,,,,,,,,,,,,,,,,,,,,,,,,,,,,,,,,,,,,,,,,,,,,,,,,,,,,,,,,,,,,,,,,,,,,,,,,,,,,,,,,
12/1/17,"228,500","235,000","152,000","136,000","157,000","155,000","180,000","180,000","278,000","465,000","315,000","242,500",,,,,,,,,,,,,,,,,,,,,,,,,,,,,,,,,,,,,,,,,,,,,,,,,,,,,,,,,,,,,,,,,,,,,,,,,,,,,,,,,,,,,,,,,,,,,,,,,,,,,,,,,,,,,,,,,,,
3/1/18,"230,000","235,000","154,000","137,500","158,000","157,000","181,000","183,000","280,000","467,000","317,000","245,000",,,,,,,,,,,,,,,,,,,,,,,,,,,,,,,,,,,,,,,,,,,,,,,,,,,,,,,,,,,,,,,,,,,,,,,,,,,,,,,,,,,,,,,,,,,,,,,,,,,,,,,,,,,,,,,,,,,
6/1/18,"230,000","237,000","155,000","138,000","160,000","158,000","184,650","185,000","280,000","465,500","320,000","246,385",,,,,,,,,,,,,,,,,,,,,,,,,,,,,,,,,,,,,,,,,,,,,,,,,,,,,,,,,,,,,,,,,,,,,,,,,,,,,,,,,,,,,,,,,,,,,,,,,,,,,,,,,,,,,,,,,,,
9/1/18,"233,000","239,950","156,000","139,995","160,000","160,000","186,000","188,000","284,995","467,500","320,000","249,500",,,,,,,,,,,,,,,,,,,,,,,,,,,,,,,,,,,,,,,,,,,,,,,,,,,,,,,,,,,,,,,,,,,,,,,,,,,,,,,,,,,,,,,,,,,,,,,,,,,,,,,,,,,,,,,,,,,
12/1/18,"235,000","240,000","157,500","140,000","161,000","160,000","189,950","190,000","285,000","467,500","320,000","250,000",,,,,,,,,,,,,,,,,,,,,,,,,,,,,,,,,,,,,,,,,,,,,,,,,,,,,,,,,,,,,,,,,,,,,,,,,,,,,,,,,,,,,,,,,,,,,,,,,,,,,,,,,,,,,,,,,,,
3/1/19,"235,000","240,000","158,000","140,000","162,000","161,000","190,000","191,000","285,000","467,500","320,000","250,000",,,,,,,,,,,,,,,,,,,,,,,,,,,,,,,,,,,,,,,,,,,,,,,,,,,,,,,,,,,,,,,,,,,,,,,,,,,,,,,,,,,,,,,,,,,,,,,,,,,,,,,,,,,,,,,,,,,
6/1/19,"235,000","240,000","160,000","140,000","164,950","162,500","191,175","194,000","287,000","467,500","321,000","250,689",,,,,,,,,,,,,,,,,,,,,,,,,,,,,,,,,,,,,,,,,,,,,,,,,,,,,,,,,,,,,,,,,,,,,,,,,,,,,,,,,,,,,,,,,,,,,,,,,,,,,,,,,,,,,,,,,,,
9/1/19,"236,000","242,000","160,000","142,000","165,000","164,950","192,500","195,000","287,500","470,000","323,000","252,000",,,,,,,,,,,,,,,,,,,,,,,,,,,,,,,,,,,,,,,,,,,,,,,,,,,,,,,,,,,,,,,,,,,,,,,,,,,,,,,,,,,,,,,,,,,,,,,,,,,,,,,,,,,,,,,,,,,
12/1/19,"239,995","245,000","163,000","142,500","167,500","165,000","195,000","195,000","289,995","475,000","325,000","253,500",,,,,,,,,,,,,,,,,,,,,,,,,,,,,,,,,,,,,,,,,,,,,,,,,,,,,,,,,,,,,,,,,,,,,,,,,,,,,,,,,,,,,,,,,,,,,,,,,,,,,,,,,,,,,,,,,,,
3/1/20,"240,046","247,995","165,000","143,000","170,000","167,500","195,000","199,500","290,000","477,000","325,000","255,000",,,,,,,,,,,,,,,,,,,,,,,,,,,,,,,,,,,,,,,,,,,,,,,,,,,,,,,,,,,,,,,,,,,,,,,,,,,,,,,,,,,,,,,,,,,,,,,,,,,,,,,,,,,,,,,,,,,
6/1/20,"242,500","249,500","165,000","142,500","170,000","168,000","195,000","199,995","290,000","479,000","325,000","255,000",,,,,,,,,,,,,,,,,,,,,,,,,,,,,,,,,,,,,,,,,,,,,,,,,,,,,,,,,,,,,,,,,,,,,,,,,,,,,,,,,,,,,,,,,,,,,,,,,,,,,,,,,,,,,,,,,,,
9/1/20,"246,995","250,000","167,000","145,000","174,000","170,000","200,000","203,000","295,000","485,000","330,000","260,000",,,,,,,,,,,,,,,,,,,,,,,,,,,,,,,,,,,,,,,,,,,,,,,,,,,,,,,,,,,,,,,,,,,,,,,,,,,,,,,,,,,,,,,,,,,,,,,,,,,,,,,,,,,,,,,,,,,
12/1/20,"257,500","263,000","173,000","150,000","180,000","175,000","210,000","213,000","309,000","497,725","347,000","272,500",,,,,,,,,,,,,,,,,,,,,,,,,,,,,,,,,,,,,,,,,,,,,,,,,,,,,,,,,,,,,,,,,,,,,,,,,,,,,,,,,,,,,,,,,,,,,,,,,,,,,,,,,,,,,,,,,,,
3/1/21,"272,500","278,500","180,000","155,000","190,000","184,950","220,000","225,000","322,000","506,500","362,500","285,000",,,,,,,,,,,,,,,,,,,,,,,,,,,,,,,,,,,,,,,,,,,,,,,,,,,,,,,,,,,,,,,,,,,,,,,,,,,,,,,,,,,,,,,,,,,,,,,,,,,,,,,,,,,,,,,,,,,
6/1/21,"285,000","290,000","187,000","159,995","196,500","190,000","226,000","230,000","330,000","515,000","370,000","295,000",,,,,,,,,,,,,,,,,,,,,,,,,,,,,,,,,,,,,,,,,,,,,,,,,,,,,,,,,,,,,,,,,,,,,,,,,,,,,,,,,,,,,,,,,,,,,,,,,,,,,,,,,,,,,,,,,,,
9/1/21,"280,000","285,000","187,500","160,000","199,000","190,000","228,000","230,000","325,000","511,000","365,000","290,000",,,,,,,,,,,,,,,,,,,,,,,,,,,,,,,,,,,,,,,,,,,,,,,,,,,,,,,,,,,,,,,,,,,,,,,,,,,,,,,,,,,,,,,,,,,,,,,,,,,,,,,,,,,,,,,,,,,
12/1/21,"276,000","281,500","189,995","156,250","195,000","190,000","229,000","230,000","325,000","510,000","365,000","289,995",,,,,,,,,,,,,,,,,,,,,,,,,,,,,,,,,,,,,,,,,,,,,,,,,,,,,,,,,,,,,,,,,,,,,,,,,,,,,,,,,,,,,,,,,,,,,,,,,,,,,,,,,,,,,,,,,,,
3/1/22,"270,000","275,000","190,000","154,995","195,000","187,950","227,500","226,000","323,000","506,000","360,000","285,000",,,,,,,,,,,,,,,,,,,,,,,,,,,,,,,,,,,,,,,,,,,,,,,,,,,,,,,,,,,,,,,,,,,,,,,,,,,,,,,,,,,,,,,,,,,,,,,,,,,,,,,,,,,,,,,,,,,
6/1/22,"265,000","270,000","190,000","153,000","192,995","186,000","229,995","225,000","320,000","505,000","360,000","285,000",,,,,,,,,,,,,,,,,,,,,,,,,,,,,,,,,,,,,,,,,,,,,,,,,,,,,,,,,,,,,,,,,,,,,,,,,,,,,,,,,,,,,,,,,,,,,,,,,,,,,,,,,,,,,,,,,,,
9/1/22,"280,000","285,000","197,000","155,000","200,000","190,000","237,000","233,000","335,000","520,000","375,000","300,000",,,,,,,,,,,,,,,,,,,,,,,,,,,,,,,,,,,,,,,,,,,,,,,,,,,,,,,,,,,,,,,,,,,,,,,,,,,,,,,,,,,,,,,,,,,,,,,,,,,,,,,,,,,,,,,,,,,
12/1/22,"290,000","295,000","200,000","161,995","208,995","200,000","245,000","240,000","345,000","525,000","385,000","310,000",,,,,,,,,,,,,,,,,,,,,,,,,,,,,,,,,,,,,,,,,,,,,,,,,,,,,,,,,,,,,,,,,,,,,,,,,,,,,,,,,,,,,,,,,,,,,,,,,,,,,,,,,,,,,,,,,,,
3/1/23,"292,000","299,950","205,000","165,000","210,000","200,000","247,000","245,000","350,000","525,000","387,200","315,000",,,,,,,,,,,,,,,,,,,,,,,,,,,,,,,,,,,,,,,,,,,,,,,,,,,,,,,,,,,,,,,,,,,,,,,,,,,,,,,,,,,,,,,,,,,,,,,,,,,,,,,,,,,,,,,,,,,
6/1/23,"294,950","300,000","205,000","165,000","211,500","203,000","249,950","245,101","350,000","527,000","389,950","317,000",,,,,,,,,,,,,,,,,,,,,,,,,,,,,,,,,,,,,,,,,,,,,,,,,,,,,,,,,,,,,,,,,,,,,,,,,,,,,,,,,,,,,,,,,,,,,,,,,,,,,,,,,,,,,,,,,,,
9/1/23,"290,000","297,500","202,000","166,000","210,000","204,995","248,000","245,000","349,995","526,000","385,000","315,000",,,,,,,,,,,,,,,,,,,,,,,,,,,,,,,,,,,,,,,,,,,,,,,,,,,,,,,,,,,,,,,,,,,,,,,,,,,,,,,,,,,,,,,,,,,,,,,,,,,,,,,,,,,,,,,,,,,
12/1/23,"286,500","292,500","200,000","165,000","210,000","200,000","245,000","242,995","345,000","525,000","380,000","310,000",,,,,,,,,,,,,,,,,,,,,,,,,,,,,,,,,,,,,,,,,,,,,,,,,,,,,,,,,,,,,,,,,,,,,,,,,,,,,,,,,,,,,,,,,,,,,,,,,,,,,,,,,,,,,,,,,,,
3/1/24,"285,000","291,000","200,000","165,000","210,000","202,500","245,000","243,000","340,000","530,000","379,995","310,000",,,,,,,,,,,,,,,,,,,,,,,,,,,,,,,,,,,,,,,,,,,,,,,,,,,,,,,,,,,,,,,,,,,,,,,,,,,,,,,,,,,,,,,,,,,,,,,,,,,,,,,,,,,,,,,,,,,
6/1/24,"287,000","292,950","205,000","167,000","210,000","205,000","245,000","245,000","340,000","530,000","379,995","310,000",,,,,,,,,,,,,,,,,,,,,,,,,,,,,,,,,,,,,,,,,,,,,,,,,,,,,,,,,,,,,,,,,,,,,,,,,,,,,,,,,,,,,,,,,,,,,,,,,,,,,,,,,,,,,,,,,,,
9/1/24,"290,000","295,000","210,000","168,000","215,000","207,000","245,000","245,000","340,000","530,000","380,000","307,500",,,,,,,,,,,,,,,,,,,,,,,,,,,,,,,,,,,,,,,,,,,,,,,,,,,,,,,,,,,,,,,,,,,,,,,,,,,,,,,,,,,,,,,,,,,,,,,,,,,,,,,,,,,,,,,,,,,
12/1/24,"290,500","298,000","210,000","170,000","220,000","210,000","248,950","250,000","345,000","530,000","380,000","310,000",,,,,,,,,,,,,,,,,,,,,,,,,,,,,,,,,,,,,,,,,,,,,,,,,,,,,,,,,,,,,,,,,,,,,,,,,,,,,,,,,,,,,,,,,,,,,,,,,,,,,,,,,,,,,,,,,,,
3/1/25,"300,000","305,000","215,000","175,000","225,000","215,000","250,000","255,000","350,000","530,000","385,000","315,000",,,,,,,,,,,,,,,,,,,,,,,,,,,,,,,,,,,,,,,,,,,,,,,,,,,,,,,,,,,,,,,,,,,,,,,,,,,,,,,,,,,,,,,,,,,,,,,,,,,,,,,,,,,,,,,,,,,
6/1/25,"299,246","302,000","215,000","175,000","225,000","215,000","250,000","255,000","350,000","530,000","385,000","312,500",,,,,,,,,,,,,,,,,,,,,,,,,,,,,,,,,,,,,,,,,,,,,,,,,,,,,,,,,,,,,,,,,,,,,,,,,,,,,,,,,,,,,,,,,,,,,,,,,,,,,,,,,,,,,,,,,,,
9/1/25,"298,000","300,000","216,000","175,000","225,000","215,995","250,000","255,000","350,000","530,000","385,000","312,500",,,,,,,,,,,,,,,,,,,,,,,,,,,,,,,,,,,,,,,,,,,,,,,,,,,,,,,,,,,,,,,,,,,,,,,,,,,,,,,,,,,,,,,,,,,,,,,,,,,,,,,,,,,,,,,,,,,
12/1/25,"295,000","300,000","217,000","175,000","225,000","215,000","250,000","255,000","350,000","530,000","385,000","310,000",,,,,,,,,,,,,,,,,,,,,,,,,,,,,,,,,,,,,,,,,,,,,,,,,,,,,,,,,,,,,,,,,,,,,,,,,,,,,,,,,,,,,,,,,,,,,,,,,,,,,,,,,,,,,,,,,,,
3/1/26,"290,000","295,000","218,000","170,000","222,500","212,000","245,500","250,000","342,500","530,000","380,000","307,500",,,,,,,,,,,,,,,,,,,,,,,,,,,,,,,,,,,,,,,,,,,,,,,,,,,,,,,,,,,,,,,,,,,,,,,,,,,,,,,,,,,,,,,,,,,,,,,,,,,,,,,,,,,,,,,,,,,